Producer,Battery,Battery.1,SDate,VP,Sulf,S.Temp,A.Temp,Dens,Temp.Mean,Temp.Roll,Est,Weyb,Oxbow,YGN,Melita,Kipl,Type.Num,CrudeType,VolumeM3
LRE,04-05-002-15W2,,12/7/2016,76.4,1.99624,15.5,-25,867.7,-16.33333333,-7.8638,-17.2,-17.5,-16.3,-17,-13.5,-16.5,1,Crude,"3,726.96"
CENOV,05-16-006-13W2,,12/7/2016,63.6,2.3065,27.1,-20,867.7,-16.33333333,-7.8638,-17.2,-17.5,-16.3,-17,-13.5,-16.5,1,Crude,118264.62
SPAEN,11-12-006-15W2,,12/7/2016,74.1,2.34526,31,-20,868,-16.33333333,-7.8638,-17.2,-17.5,-16.3,-17,-13.5,-16.5,1,Crude,7324.14
CRESC,01-21-001-14W2,,12/8/2016,112,0.28571,-1.5,-25,804,-21.18333333,-10.4805,-22.7,-23.3,-20.5,-20.5,-20.3,-19.8,1,Crude,15481.35
CRESC,14-27-001-13W2,,12/8/2016,102.9,0.39244,7,-25,819,-21.18333333,-10.4805,-22.7,-23.3,-20.5,-20.5,-20.3,-19.8,1,Crude,21171.82
SPAEN,01-28-002-14W2,,12/8/2016,89.2,1.53164,21.7,-25,854.9,-21.18333333,-10.4805,-22.7,-23.3,-20.5,-20.5,-20.3,-19.8,1,Crude,5257.84
LRE,11-02-005-12W2,,12/8/2016,116.4,1.70589,5.6,-25,846.4,-21.18333333,-10.4805,-22.7,-23.3,-20.5,-20.5,-20.3,-19.8,1,Crude,3105.33
CRESC,07-07-006-15W2,,12/8/2016,80.5,2.88476,20.5,-25,872,-21.18333333,-10.4805,-22.7,-23.3,-20.5,-20.5,-20.3,-19.8,1,Crude,4517.96
SECUR ,08-28-005-33W1, REV,12/12/2016,82,1.00855,6,-24,839.7,-20.71666667,-21.1367,-21.2,-19.4,-21.8,-19.3,-21.1,-21.5,1,Crude,106852.55
RDGBK,02-26-009-09W2,,12/12/2016,85.9,0.16917,20.4,-24,812,-20.71666667,-21.1367,-21.2,-19.4,-21.8,-19.3,-21.1,-21.5,1,Crude,6988.22
CRESC,09-14-009-08W2,,12/12/2016,121.1,0.19149,5.7,-24,802,-20.71666667,-21.1367,-21.2,-19.4,-21.8,-19.3,-21.1,-21.5,1,Crude,30199.41
CRESC,04-08-008-08W2,,12/12/2016,111.3,0.27205,-7,-24,807.2,-20.71666667,-21.1367,-21.2,-19.4,-21.8,-19.3,-21.1,-21.5,1,Crude,75984.03
RDGBK,03-33-008-06W2,,12/12/2016,107.9,0.34421,8.9,-24,804.3,-20.71666667,-21.1367,-21.2,-19.4,-21.8,-19.3,-21.1,-21.5,1,Crude,13104.25
CRESC,04-08-008-08W2,,12/12/2016,112,0.37223,-6.8,-24,807.1,-20.71666667,-21.1367,-21.2,-19.4,-21.8,-19.3,-21.1,-21.5,1,Crude,75984.03
CRESC,04-08-008-08W2,,12/12/2016,111.1,0.37223,-6.8,-24,807.8,-20.71666667,-21.1367,-21.2,-19.4,-21.8,-19.3,-21.1,-21.5,1,Crude,75984.03
RDGBK,12-06-009-07W2,,12/12/2016,107,0.56927,-2,-24,805,-20.71666667,-21.1367,-21.2,-19.4,-21.8,-19.3,-21.1,-21.5,1,Crude,9482.96
CRESC,13-13-007-02W2,,12/12/2016,81.1,1.27773,8,-24,850,-20.71666667,-21.1367,-21.2,-19.4,-21.8,-19.3,-21.1,-21.5,1,Crude,4977.42
SPAEN,16-18-011-04W2,,12/12/2016,86.3,1.57156,4.2,-24,852.7,-20.71666667,-21.1367,-21.2,-19.4,-21.8,-19.3,-21.1,-21.5,1,Crude,7387.01
SECUR ,08-28-005-33W1, SALES,12/12/2016,113.3,1.2964,4,-24,838.7,-20.71666667,-21.1367,-21.2,-19.4,-21.8,-19.3,-21.1,-21.5,1,Crude,106852.55
CRESC,14-13-001-05W2,,12/13/2016,95.3,0.50932,1.9,-25,812,-17.95,-21.7238,-18.1,-17.8,-18.3,-17,-18,-18.5,1,Crude,18538.56
FEDER,05-31-002-01W2,,12/13/2016,93.9,0.80219,16,-25,825.7,-17.95,-21.7238,-18.1,-17.8,-18.3,-17,-18,-18.5,1,Crude,8019.9
SPAEN,09-08-004-03W2,,12/13/2016,104.4,0.97927,10.7,-25,832,-17.95,-21.7238,-18.1,-17.8,-18.3,-17,-18,-18.5,1,Crude,13705.84
CRESC,05-14-003-01W2,,12/13/2016,88.9,1.09218,5,-25,834,-17.95,-21.7238,-18.1,-17.8,-18.3,-17,-18,-18.5,1,Crude,3704.37
TORCO,03-15-004-06W2,,12/13/2016,64.9,1.142,26,-25,849.4,-17.95,-21.7238,-18.1,-17.8,-18.3,-17,-18,-18.5,1,Crude,6151.05
CRESC,02-13-006-06W2,,12/13/2016,87.9,1.43677,18,-25,845,-17.95,-21.7238,-18.1,-17.8,-18.3,-17,-18,-18.5,1,Crude,1579
SPAEN,03-03-002-32W1,,12/13/2016,102.3,1.70048,-8.7,-25,825,-17.95,-21.7238,-18.1,-17.8,-18.3,-17,-18,-18.5,1,Crude,4410.24
TORCO,04-17-004-31W1,,12/13/2016,79.9,1.73357,6.7,-25,862.8,-17.95,-21.7238,-18.1,-17.8,-18.3,-17,-18,-18.5,1,Crude,1520.03
PMCL,01-07-006-10W2, REV,12/14/2016,53.7,0.35605,3,-25,830,-23.21666667,-22.7071,-24.1,-24.3,-23,-20.8,-23.6,-23.5,1,Crude,53327.86
PMCL,01-07-006-10W2, SALES,12/14/2016,97.5,1.61271,0.5,-25,833,-23.21666667,-22.7071,-24.1,-24.3,-23,-20.8,-23.6,-23.5,1,Crude,53327.86
CRESC,11-15-007-09W2,,12/14/2016,99.8,0.23268,-4,-25,822,-23.21666667,-22.7071,-24.1,-24.3,-23,-20.8,-23.6,-23.5,1,Crude,5355.02
CRESC,09-20-008-08W2,,12/14/2016,113.5,0.38735,-11,-25,815,-23.21666667,-22.7071,-24.1,-24.3,-23,-20.8,-23.6,-23.5,1,Crude,2747.39
CRESC,09-13-007-11W2,,12/14/2016,118.4,0.47224,5,-25,803.1,-23.21666667,-22.7071,-24.1,-24.3,-23,-20.8,-23.6,-23.5,1,Crude,22011.31
CRESC,13-30-007-10W2,,12/14/2016,99.6,0.56724,-9,-25,803,-23.21666667,-22.7071,-24.1,-24.3,-23,-20.8,-23.6,-23.5,1,Crude,9665.33
CRESC,01-04-007-09W2,,12/14/2016,44.3,2.11695,28.5,-25,873,-23.21666667,-22.7071,-24.1,-24.3,-23,-20.8,-23.6,-23.5,1,Crude,411.438
APACH,07-12-006-11W2,,12/14/2016,44.3,2.11695,28.5,-25,873,-23.21666667,-22.7071,-24.1,-24.3,-23,-20.8,-23.6,-23.5,1,Crude,21372.33
RDGBK,12-22-007-11W2,,12/14/2016,83.2,2.18593,-2.5,-25,828,-23.21666667,-22.7071,-24.1,-24.3,-23,-20.8,-23.6,-23.5,1,Crude,5268.48
CRESC,12-30-006-15W2,,12/20/2016,72.9,0.025031,28,-6,892.7,-5.416666667,-18.3048,-6,-5.2,-5.5,-3.8,-5.5,-6.5,1,Crude,4638.45
SPAEN,03-03-002-32W1,,12/29/2016,97.4,1.4284,1,-9,825.2,-8.94,-11.9105,-9.9,-9.9,0,-7.5,-8.1,-9.3,1,Crude,4410.24
SPAEN,09-08-004-03W2,,12/30/2016,87.8,1.1688,21,-11,839,-10.18,-12.0005,-10,-9.7,0,-8.5,-12.4,-10.3,1,Crude,13705.84
CRESC,05-35-006-11W2,,1/21/2017,86.2,0.141,10,-4,809,-6.466666667,-6.469,-11.4,-7.4,-7.5,-5.8,-1.7,-5,1,Crude,410.785
CRESC,13-30-007-10W2,,1/21/2017,103.6,0.503,7.5,-6,811.6,-6.466666667,-6.469,-11.4,-7.4,-7.5,-5.8,-1.7,-5,1,Crude,11216.89
CRESC,09-13-007-11W2,,1/21/2017,102.5,0.542,16,-5,815,-6.466666667,-6.469,-11.4,-7.4,-7.5,-5.8,-1.7,-5,1,Crude,21030.91
CRESC,04-08-008-08W2,,1/21/2017,95.6,0.584,7,-6,821.8,-6.466666667,-6.469,-11.4,-7.4,-7.5,-5.8,-1.7,-5,1,Crude,122139.87
CRESC,11-15-007-09W2,,1/21/2017,107.6,0.762,5.9,-6,819.3,-6.466666667,-6.469,-11.4,-7.4,-7.5,-5.8,-1.7,-5,1,Crude,6179.56
CRESC,16-23-006-11W2,,1/21/2017,53.2,2.12,29.7,-4,878,-6.466666667,-6.469,-11.4,-7.4,-7.5,-5.8,-1.7,-5,1,Crude,1326.07
CRESC,14-13-001-05W2,,1/22/2017,83,0.501,3.6,-1,818,-3.783333333,-5.1333,-4.1,-3.7,-4,-3.5,-2.1,-5.3,1,Crude,18973.99
CRESC,13-29-008-07W2,,1/24/2017,100.8,0.178,22.4,-8,801.4,-8.316666667,-4.9595,-8.9,-8.9,-8,-8.9,-6.2,-9,1,Crude,12738.71
CRESC,09-13-007-11W2,,1/24/2017,103.8,0.538,17.1,-9,813.8,-8.316666667,-4.9595,-8.9,-8.9,-8,-8.9,-6.2,-9,1,Crude,21030.91
CRESC,04-08-008-08W2,,1/24/2017,99.1,0.6178,6,-9,822.3,-8.316666667,-4.9595,-8.9,-8.9,-8,-8.9,-6.2,-9,1,Crude,122139.87
CRESC,11-15-007-09W2,,1/24/2017,108.6,0.632,2.9,-9,815,-8.316666667,-4.9595,-8.9,-8.9,-8,-8.9,-6.2,-9,1,Crude,6179.56
SECUR ,08-28-005-33W1, REV,1/26/2017,80.6,0.949,4.5,-10,848.7,-12.81666667,-8.0214,-18.6,-12.1,-13.5,-11.3,-10.6,-10.8,1,Crude,105136.14
CRESC,14-27-001-13W2,,1/26/2017,86.1,0.473,16.5,-10,819,-12.81666667,-8.0214,-18.6,-12.1,-13.5,-11.3,-10.6,-10.8,1,Crude,25785.92
CRESC,09-13-007-11W2,,1/26/2017,82.5,0.536,15.6,-10,816.9,-12.81666667,-8.0214,-18.6,-12.1,-13.5,-11.3,-10.6,-10.8,1,Crude,21030.91
CRESC,11-15-007-09W2,,1/26/2017,112.4,0.658,4,-10,816.7,-12.81666667,-8.0214,-18.6,-12.1,-13.5,-11.3,-10.6,-10.8,1,Crude,6179.56
CRESC,04-08-008-08W2,,1/26/2017,101.5,0.698,5.1,-10,823.6,-12.81666667,-8.0214,-18.6,-12.1,-13.5,-11.3,-10.6,-10.8,1,Crude,122139.87
CRESC,07-07-006-15W2,,1/26/2017,89.6,2.834,14.1,-10,857.2,-12.81666667,-8.0214,-18.6,-12.1,-13.5,-11.3,-10.6,-10.8,1,Crude,5598.5
SECUR ,08-28-005-33W1, SALES,1/26/2017,97.1,1.228,4,-10,838.8,-12.81666667,-8.0214,-18.6,-12.1,-13.5,-11.3,-10.6,-10.8,1,Crude,105136.14
PMCL,01-07-006-10W2, SALES,1/27/2017,100,1.63,6,-8,822,-5.9,-7.9262,-10.4,-4.1,-6.5,-2.4,-7.2,-4.8,1,Crude,50817.36
CRESC,13-29-008-07W2,,1/27/2017,99.4,0.149,21.9,-8,801,-5.9,-7.9262,-10.4,-4.1,-6.5,-2.4,-7.2,-4.8,1,Crude,12738.71
CRESC,04-08-008-08W2,,1/27/2017,99.7,0.686,5.7,-8,823.1,-5.9,-7.9262,-10.4,-4.1,-6.5,-2.4,-7.2,-4.8,1,Crude,122139.87
CRESC,14-13-001-05W2,,1/29/2017,91.3,0.558,4.5,2,812.2,-2.7,-7.0786,-5.9,-0.6,-2.3,0.7,-5.8,-2.3,1,Crude,18973.99
CRESC,11-15-007-09W2,,1/29/2017,109.6,0.675,6.3,-2,815.9,-2.7,-7.0786,-5.9,-0.6,-2.3,0.7,-5.8,-2.3,1,Crude,6179.56
CRESC,04-08-008-08W2,,1/29/2017,92.8,0.838,8.1,-1,824.7,-2.7,-7.0786,-5.9,-0.6,-2.3,0.7,-5.8,-2.3,1,Crude,122139.87
CRESC,05-14-003-01W2,,1/29/2017,88.6,0.962,13.4,-2,825.2,-2.7,-7.0786,-5.9,-0.6,-2.3,0.7,-5.8,-2.3,1,Crude,3332.45
CRESC,13-11-004-02W2,,1/29/2017,63.3,1.11,16,-2,841.7,-2.7,-7.0786,-5.9,-0.6,-2.3,0.7,-5.8,-2.3,1,Crude,768.941
CRESC,02-13-006-06W2,,1/29/2017,77.9,1.576,26.3,-1,858.6,-2.7,-7.0786,-5.9,-0.6,-2.3,0.7,-5.8,-2.3,1,Crude,1887.29
CRESC,13-29-008-07W2,,1/31/2017,104.4,0.195,1.1,-2,799.5,-12.4,-6.7119,-20.3,-11.6,-9.3,-11.2,-11,-11,1,Crude,12738.71
CRESC,13-30-007-10W2,,1/31/2017,91.8,0.61,10.9,-2,821.1,-12.4,-6.7119,-20.3,-11.6,-9.3,-11.2,-11,-11,1,Crude,11216.89
CRESC,09-13-007-11W2,,1/31/2017,86.7,0.626,11.2,-2,823.2,-12.4,-6.7119,-20.3,-11.6,-9.3,-11.2,-11,-11,1,Crude,21030.91
CRESC,11-15-007-09W2,,1/31/2017,106.6,0.678,3.1,-2,818.2,-12.4,-6.7119,-20.3,-11.6,-9.3,-11.2,-11,-11,1,Crude,6179.56
CRESC,04-08-008-08W2,,1/31/2017,92.7,0.757,7.8,-2,825.7,-12.4,-6.7119,-20.3,-11.6,-9.3,-11.2,-11,-11,1,Crude,122139.87
SECUR ,08-28-005-33W1, REV,1/31/2017,75.3,1.14,4,-2,843,-12.4,-6.7119,-20.3,-11.6,-9.3,-11.2,-11,-11,1,Crude,105136.14
SECUR ,08-28-005-33W1, SALES,1/31/2017,95.2,1.196,5.5,-2,836.9,-12.4,-6.7119,-20.3,-11.6,-9.3,-11.2,-11,-11,1,Crude,105136.14
CRESC,12-12-005-34W1,,2/1/2017,108.5,0.399,-8.4,-14,821.8,-19.86,-7.8895,-23.9,-17.2,-19.3,0,-19.4,-19.5,1,Crude,153.818
CRESC,11-15-007-09W2,,2/1/2017,115.5,0.62,0.86,-14,820.8,-19.86,-7.8895,-23.9,-17.2,-19.3,0,-19.4,-19.5,1,Crude,5063.22
CRESC,04-08-008-08W2,,2/1/2017,95.8,0.739,4.2,-14,825.1,-19.86,-7.8895,-23.9,-17.2,-19.3,0,-19.4,-19.5,1,Crude,124428.83
CRESC,10-33-004-32W1,,2/1/2017,66.6,0.792,20.9,-14,842.6,-19.86,-7.8895,-23.9,-17.2,-19.3,0,-19.4,-19.5,1,Crude,665.443
CRESC,02-13-006-06W2,,2/1/2017,87.2,1.576,11.2,-14,850.5,-19.86,-7.8895,-23.9,-17.2,-19.3,0,-19.4,-19.5,1,Crude,1437.39
SECUR ,08-28-005-33W1, REV,2/4/2017,79,1.202,3.3,-12,839.5,-15.45,-12.2514,-17.6,-15,-14.5,-14.2,-15.6,-15.8,1,Crude,96501.95
CRESC,04-05-007-33W1,,2/4/2017,98.5,1.211,11.9,-15,840.1,-15.45,-12.2514,-17.6,-15,-14.5,-14.2,-15.6,-15.8,1,Crude,2171.79
SECUR ,08-28-005-33W1, SALES,2/4/2017,101.4,1.174,4.4,-12,837.8,-15.45,-12.2514,-17.6,-15,-14.5,-14.2,-15.6,-15.8,1,Crude,96501.95
CRESC,01-21-001-14W2,,2/5/2017,94.3,0.347,,-16,809.9,-20.05,-14.73,-22.8,-19,-21.8,-17.4,-20.8,-18.5,1,Crude,17200.88
CRESC,14-27-001-13W2,,2/5/2017,85.2,0.561,20.6,-16,814.7,-20.05,-14.73,-22.8,-19,-21.8,-17.4,-20.8,-18.5,1,Crude,20149.22
CRESC,07-07-006-15W2,,2/5/2017,81.4,2.546,15,-16,871.6,-20.05,-14.73,-22.8,-19,-21.8,-17.4,-20.8,-18.5,1,Crude,5073.82
CRESC,13-30-007-10W2,,2/7/2017,88.1,0.529,12,-30,814.6,-25.18333333,-19.011,-30.7,-25.8,-22.3,-25.5,-24,-22.8,1,Crude,11683.09
CRESC,09-13-007-11W2,,2/7/2017,80.4,0.556,13.7,-30,815.7,-25.18333333,-19.011,-30.7,-25.8,-22.3,-25.5,-24,-22.8,1,Crude,16928.63
CRESC,05-14-003-01W2,,2/7/2017,83.7,0.957,14,-30,825.8,-25.18333333,-19.011,-30.7,-25.8,-22.3,-25.5,-24,-22.8,1,Crude,2335.38
SECUR ,08-28-005-33W1, REV,2/7/2017,75.4,1.376,5.6,-30,855.7,-25.18333333,-19.011,-30.7,-25.8,-22.3,-25.5,-24,-22.8,1,Crude,96501.95
SECUR ,08-28-005-33W1, SALES,2/7/2017,93.9,1.256,4.5,-30,842.2,-25.18333333,-19.011,-30.7,-25.8,-22.3,-25.5,-24,-22.8,1,Crude,96501.95
CRESC,07-24-006-15W2,,2/8/2017,91.2,2.254,12.1,-30,868.2,-27.08333333,-20.0429,-33,-25.5,-26.5,-25.7,-25.5,-26.3,1,Crude,1304.53
CRESC,07-07-006-15W2,,2/8/2017,82.1,2.611,10.7,-30,866.1,-27.08333333,-20.0429,-33,-25.5,-26.5,-25.7,-25.5,-26.3,1,Crude,5073.82
CRESC,13-29-008-07W2,,2/10/2017,99.6,0.17,25.5,-6,818.2,-5.416666667,-18.3571,-7.8,-1.5,-6.5,-2.1,-5.6,-9,1,Crude,8347.01
CRESC,04-08-008-08W2,,2/10/2017,106.7,0.568,1.9,-25,818.2,-5.416666667,-18.3571,-7.8,-1.5,-6.5,-2.1,-5.6,-9,1,Crude,124428.83
CRESC,09-20-008-08W2,,2/10/2017,92,0.57,9.6,-6,822.7,-5.416666667,-18.3571,-7.8,-1.5,-6.5,-2.1,-5.6,-9,1,Crude,3171.69
CRESC,11-15-007-09W2,,2/10/2017,107.6,0.656,4.3,-6,815.4,-5.416666667,-18.3571,-7.8,-1.5,-6.5,-2.1,-5.6,-9,1,Crude,5063.22
CRESC,04-08-008-08W2,,2/10/2017,96.8,0.834,4.9,-6,826.9,-5.416666667,-18.3571,-7.8,-1.5,-6.5,-2.1,-5.6,-9,1,Crude,124428.83
CRESC,13-13-007-02W2,,2/10/2017,75.5,1.243,30.5,-6,844,-5.416666667,-18.3571,-7.8,-1.5,-6.5,-2.1,-5.6,-9,1,Crude,4432.74
CRESC,09-34-005-15W2,,2/10/2017,79.8,2.039,22.7,-6,877.9,-5.416666667,-18.3571,-7.8,-1.5,-6.5,-2.1,-5.6,-9,1,Crude,885.899
CRESC,01-21-001-14W2,,2/11/2017,87.3,0.404,,-2,814.8,-6.333333333,-17.0548,-11.6,-4.8,-6,-5.3,-3.5,-6.8,1,Crude,17200.88
CRESC,14-13-001-05W2,,2/11/2017,90.5,0.483,4.7,-2,809.1,-6.333333333,-17.0548,-11.6,-4.8,-6,-5.3,-3.5,-6.8,1,Crude,20596.55
CRESC,14-27-001-13W2,,2/11/2017,85.4,0.557,20.3,-2,820.8,-6.333333333,-17.0548,-11.6,-4.8,-6,-5.3,-3.5,-6.8,1,Crude,20149.22
CRESC,11-15-007-09W2,,2/11/2017,101.5,0.891,2.1,-2,818.4,-6.333333333,-17.0548,-11.6,-4.8,-6,-5.3,-3.5,-6.8,1,Crude,5063.22
CRESC,13-29-008-07W2,,2/14/2017,125.1,0.164,10.4,3,796.5,-4.666666667,-10.1357,-9.5,-4.1,-4.8,-2.2,-4.1,-3.3,1,Crude,8347.01
CRESC,09-13-007-11W2,,2/14/2017,82.8,0.533,19.9,3,817,-4.666666667,-10.1357,-9.5,-4.1,-4.8,-2.2,-4.1,-3.3,1,Crude,16928.63
CRESC,13-30-007-10W2,,2/14/2017,85.4,0.637,9.8,3,818.7,-4.666666667,-10.1357,-9.5,-4.1,-4.8,-2.2,-4.1,-3.3,1,Crude,11683.09
CRESC,11-15-007-09W2,,2/14/2017,97.9,0.784,4.5,3,820.4,-4.666666667,-10.1357,-9.5,-4.1,-4.8,-2.2,-4.1,-3.3,1,Crude,5063.22
CRESC,04-08-008-08W2,,2/14/2017,96.5,0.865,7.4,3,830.7,-4.666666667,-10.1357,-9.5,-4.1,-4.8,-2.2,-4.1,-3.3,1,Crude,124428.83
CRESC,13-13-007-02W2,,2/14/2017,79.4,1.227,29,3,842.6,-4.666666667,-10.1357,-9.5,-4.1,-4.8,-2.2,-4.1,-3.3,1,Crude,4432.74
SECUR ,08-28-005-33W1, REV,2/14/2017,74,1.277,5.2,3,841,-4.666666667,-10.1357,-9.5,-4.1,-4.8,-2.2,-4.1,-3.3,1,Crude,96501.95
SECUR ,08-28-005-33W1, SALES,2/14/2017,97.2,1.133,8.2,3,847.2,-4.666666667,-10.1357,-9.5,-4.1,-4.8,-2.2,-4.1,-3.3,1,Crude,96501.95
CRESC,04-08-008-08W2,,2/16/2017,96.5,0.681,8.7,5,823.5,2.366666667,-3.6643,-0.3,3.2,2.5,4.9,0.4,3.5,1,Crude,124428.83
CRESC,11-15-007-09W2,,2/16/2017,107,0.854,7.4,5,821.4,2.366666667,-3.6643,-0.3,3.2,2.5,4.9,0.4,3.5,1,Crude,5063.22
CRESC,05-14-003-01W2,,2/16/2017,88.2,0.873,18,5,820.1,2.366666667,-3.6643,-0.3,3.2,2.5,4.9,0.4,3.5,1,Crude,2335.38
SECUR ,08-28-005-33W1, REV,2/16/2017,73.9,1.089,7.5,5,840.3,2.366666667,-3.6643,-0.3,3.2,2.5,4.9,0.4,3.5,1,Crude,96501.95
SECUR ,08-28-005-33W1, SALES,2/16/2017,96.1,1.179,6.2,5,837,2.366666667,-3.6643,-0.3,3.2,2.5,4.9,0.4,3.5,1,Crude,96501.95
CRESC,06-03-001-16W2,,2/18/2017,55.7,0.416,21.2,2,818.9,-1.216666667,-1.6714,-5.9,-1.6,-1,-0.6,-0.2,2,1,Crude,2535.14
CRESC,01-21-001-14W2,,2/18/2017,76.6,0.457,20.2,2,815.3,-1.216666667,-1.6714,-5.9,-1.6,-1,-0.6,-0.2,2,1,Crude,17200.88
CRESC,14-13-001-05W2,,2/18/2017,89.3,0.5,4.5,1,805.7,-1.216666667,-1.6714,-5.9,-1.6,-1,-0.6,-0.2,2,1,Crude,20596.55
CRESC,14-27-001-13W2,,2/18/2017,85.3,0.675,23.5,2,821.7,-1.216666667,-1.6714,-5.9,-1.6,-1,-0.6,-0.2,2,1,Crude,20149.22
CRESC,02-29-001-17W2,,2/18/2017,75.5,2.057,18.8,1,858.2,-1.216666667,-1.6714,-5.9,-1.6,-1,-0.6,-0.2,2,1,Crude,618.171
CRESC,03-12-002-19W2,,2/18/2017,65.9,2.562,13.5,1,877.5,-1.216666667,-1.6714,-5.9,-1.6,-1,-0.6,-0.2,2,1,Crude,303.271
SECUR ,08-28-005-33W1, REV,2/18/2017,80.6,1.083,4.5,-1,846.7,-1.216666667,-1.6714,-5.9,-1.6,-1,-0.6,-0.2,2,1,Crude,96501.95
SECUR ,08-28-005-33W1, SALES,2/18/2017,99.5,1.055,7.9,-1,833,-1.216666667,-1.6714,-5.9,-1.6,-1,-0.6,-0.2,2,1,Crude,96501.95
CRESC,07-07-006-15W2,,2/19/2017,69.9,2.711,17.6,1,868.6,-0.35,-0.85,-1,-0.1,-0.8,-0.4,0.2,0,1,Crude,5073.82
RDGBK,02-26-009-09W2,,2/21/2017,80.8,0.165,27.1,6,809.6,-0.566666667,0.3976,-2,-0.4,-1.3,1.4,-1.1,0,1,Crude,7768.68
CRESC,13-29-008-07W2,,2/21/2017,89.6,0.169,26,6,801.3,-0.566666667,0.3976,-2,-0.4,-1.3,1.4,-1.1,0,1,Crude,8347.01
RDGBK,12-06-009-07W2,,2/21/2017,83.4,0.265,2.2,6,810.2,-0.566666667,0.3976,-2,-0.4,-1.3,1.4,-1.1,0,1,Crude,7967.62
RDGBK,03-33-008-06W2,,2/21/2017,88,0.283,14.1,6,807.8,-0.566666667,0.3976,-2,-0.4,-1.3,1.4,-1.1,0,1,Crude,12819.81
SPAEN,13-03-006-34W1,,2/21/2017,61.3,1.208,24.6,6,843.6,-0.566666667,0.3976,-2,-0.4,-1.3,1.4,-1.1,0,1,Crude,6151.16
CRESC,13-13-007-02W2,,2/21/2017,73.1,1.279,32.9,6,846.1,-0.566666667,0.3976,-2,-0.4,-1.3,1.4,-1.1,0,1,Crude,4432.74
SPAEN,16-18-011-04W2,,2/21/2017,89.5,1.406,15.6,6,820.8,-0.566666667,0.3976,-2,-0.4,-1.3,1.4,-1.1,0,1,Crude,7771.4
RDGBK,12-22-007-11W2,,2/21/2017,85.9,1.719,19.2,6,840.1,-0.566666667,0.3976,-2,-0.4,-1.3,1.4,-1.1,0,1,Crude,4978.74
SECUR ,08-28-005-33W1, REV,2/21/2017,72.2,1.308,7.7,6,850.2,-0.566666667,0.3976,-2,-0.4,-1.3,1.4,-1.1,0,1,Crude,96501.95
SECUR ,08-28-005-33W1, SALES,2/21/2017,98.4,1.122,8,6,839.7,-0.566666667,0.3976,-2,-0.4,-1.3,1.4,-1.1,0,1,Crude,96501.95
CRESC,09-13-007-11W2,,2/22/2017,78.3,0.525,15.8,3,816.9,-1.133333333,0.5714,-2.8,-1.5,0.3,-0.8,0.3,-2.3,1,Crude,16928.63
CRESC,13-30-007-10W2,,2/22/2017,80.9,0.543,16.6,3,816.4,-1.133333333,0.5714,-2.8,-1.5,0.3,-0.8,0.3,-2.3,1,Crude,11683.09
CRESC,11-15-007-09W2,,2/22/2017,97.5,0.595,6.1,3,813.1,-1.133333333,0.5714,-2.8,-1.5,0.3,-0.8,0.3,-2.3,1,Crude,5063.22
CRESC,04-08-008-08W2,,2/22/2017,97.3,0.639,8.6,3,820.2,-1.133333333,0.5714,-2.8,-1.5,0.3,-0.8,0.3,-2.3,1,Crude,124428.83
RDGBK,12-22-007-11W2,,2/22/2017,93.8,1.655,15.5,3,839,-1.133333333,0.5714,-2.8,-1.5,0.3,-0.8,0.3,-2.3,1,Crude,4978.74
SPAEN,11-12-006-15W2,,2/22/2017,73.3,2.368,33.9,3,870.4,-1.133333333,0.5714,-2.8,-1.5,0.3,-0.8,0.3,-2.3,1,Crude,6655.18
CRESC,07-07-006-15W2,,2/22/2017,71,2.533,15.7,3,870.1,-1.133333333,0.5714,-2.8,-1.5,0.3,-0.8,0.3,-2.3,1,Crude,5073.82
CRESC,01-21-001-14W2,,2/23/2017,70.1,0.212,4.5,-1,804.1,-4.55,-0.4167,-6.3,-3.5,-4.5,-3.4,-3.6,-6,1,Crude,17200.88
CRESC,14-27-001-13W2,,2/23/2017,90.6,0.393,16.7,-1,811.2,-4.55,-0.4167,-6.3,-3.5,-4.5,-3.4,-3.6,-6,1,Crude,20149.22
CRESC,14-13-001-05W2,,2/23/2017,91.1,0.536,5,-1,806.7,-4.55,-0.4167,-6.3,-3.5,-4.5,-3.4,-3.6,-6,1,Crude,20596.55
SPAEN,09-08-004-03W2,,2/23/2017,90.9,1.21,27.9,-1,836.7,-4.55,-0.4167,-6.3,-3.5,-4.5,-3.4,-3.6,-6,1,Crude,12541.53
SPAEN,01-28-002-14W2,,2/23/2017,100.9,1.333,25.2,-1,815.8,-4.55,-0.4167,-6.3,-3.5,-4.5,-3.4,-3.6,-6,1,Crude,5483.61
CRESC,02-13-006-06W2,,2/23/2017,78.4,1.524,27.3,-1,850.1,-4.55,-0.4167,-6.3,-3.5,-4.5,-3.4,-3.6,-6,1,Crude,1437.39
RDGBK,12-22-007-11W2,,2/23/2017,91.4,1.64,9.4,-1,836.5,-4.55,-0.4167,-6.3,-3.5,-4.5,-3.4,-3.6,-6,1,Crude,4978.74
CRESC,10-33-004-32W1,,2/25/2017,67.2,0.96,17,-8,839.8,-12.98333333,-3.6429,-19.2,-11.9,-10,-11.3,-13.5,-12,1,Crude,665.443
CRESC,12-23-005-31W1,,2/25/2017,88.3,1.064,15.6,-8,837.9,-12.98333333,-3.6429,-19.2,-11.9,-10,-11.3,-13.5,-12,1,Crude,980.716
CRESC,16-10-006-30W1,,2/25/2017,78.8,1.502,13.8,-8,849.8,-12.98333333,-3.6429,-19.2,-11.9,-10,-11.3,-13.5,-12,1,Crude,1571.37
CRESC,02-20-006-32W1,,2/26/2017,72.9,0.8,15.2,-11,831.6,-13.01666667,-5.4524,-19.2,-10.4,-12.3,-9.4,-14.5,-12.3,1,Crude,1474.44
CRESC,08-13-006-33W1,,2/26/2017,46.1,0.856,11.4,-11,843,-13.01666667,-5.4524,-19.2,-10.4,-12.3,-9.4,-14.5,-12.3,1,Crude,471.403
CRESC,05-14-003-01W2,,2/26/2017,87,0.904,11.5,-11,823.9,-13.01666667,-5.4524,-19.2,-10.4,-12.3,-9.4,-14.5,-12.3,1,Crude,2335.38
CRESC,14-33-003-01W2,,2/26/2017,71.8,0.951,8.5,-11,837.1,-13.01666667,-5.4524,-19.2,-10.4,-12.3,-9.4,-14.5,-12.3,1,Crude,935.003
CRESC,13-11-004-02W2,,2/26/2017,75.2,1.134,15.8,-11,840.5,-13.01666667,-5.4524,-19.2,-10.4,-12.3,-9.4,-14.5,-12.3,1,Crude,768.605
SECUR ,08-28-005-33W1, REV,2/26/2017,75.5,1.106,3.3,-11,845.5,-13.01666667,-5.4524,-19.2,-10.4,-12.3,-9.4,-14.5,-12.3,1,Crude,96501.95
SECUR ,08-28-005-33W1, SALES,2/26/2017,97.9,1.092,4.7,-11,833.2,-13.01666667,-5.4524,-19.2,-10.4,-12.3,-9.4,-14.5,-12.3,1,Crude,96501.95
CRESC,13-30-007-10W2,,2/28/2017,87,0.509,5.1,-14,814.1,-15.35,-10.0024,-20.2,-12.6,-17,-11.7,-16.6,-14,1,Crude,11683.09
CRESC,09-13-007-11W2,,2/28/2017,88.2,0.538,16.7,-14,814.7,-15.35,-10.0024,-20.2,-12.6,-17,-11.7,-16.6,-14,1,Crude,16928.63
CRESC,04-08-008-08W2,,2/28/2017,101.1,0.646,3.1,-14,820.9,-15.35,-10.0024,-20.2,-12.6,-17,-11.7,-16.6,-14,1,Crude,124428.83
CRESC,11-15-007-09W2,,2/28/2017,85.4,0.842,2.8,-14,822.9,-15.35,-10.0024,-20.2,-12.6,-17,-11.7,-16.6,-14,1,Crude,5063.22
CRESC,13-13-007-02W2,,2/28/2017,78.1,1.266,29.3,-14,844.4,-15.35,-10.0024,-20.2,-12.6,-17,-11.7,-16.6,-14,1,Crude,4432.74
SECUR ,08-28-005-33W1, REV,2/28/2017,97.6,0.883,2.8,14,827.5,-15.35,-10.0024,-20.2,-12.6,-17,-11.7,-16.6,-14,1,Crude,96501.95
SECUR ,08-28-005-33W1, SALES,2/28/2017,100.9,1.188,4.4,-14,839,-15.35,-10.0024,-20.2,-12.6,-17,-11.7,-16.6,-14,1,Crude,96501.95
CRESC,01-21-001-14W2,,3/1/2017,82.3,0.221,16.7,-15,807.7,-13.46666667,-11.7643,-16.9,-11.6,-14,-10.9,-13.9,-13.5,1,Crude,19019.34
CRESC,14-27-001-13W2,,3/1/2017,89.3,0.51,21.3,-15,816.6,-13.46666667,-11.7643,-16.9,-11.6,-14,-10.9,-13.9,-13.5,1,Crude,21566.57
CRESC,07-07-006-15W2,,3/1/2017,83.9,2.856,15.3,-15,871,-13.46666667,-11.7643,-16.9,-11.6,-14,-10.9,-13.9,-13.5,1,Crude,6292.73
CRESC,14-13-001-05W2,,3/2/2017,86.5,0.515,4.3,-15,814.9,-15.36,-13.3086,-19.7,-12.8,0,-12.5,-18,-13.8,1,Crude,20568.14
CRESC,05-14-003-01W2,,3/2/2017,90.1,0.899,16.2,-15,825.3,-15.36,-13.3086,-19.7,-12.8,0,-12.5,-18,-13.8,1,Crude,2628.26
CRESC,02-13-006-06W2,,3/2/2017,88.7,1.453,25.7,-15,846.4,-15.36,-13.3086,-19.7,-12.8,0,-12.5,-18,-13.8,1,Crude,1407.96
CRESC,09-13-007-11W2,,3/5/2017,88.3,0.493,16.2,4,816,-0.583333333,-10.0586,-2.4,-0.5,-1.8,1.1,-0.7,0.8,1,Crude,23623.54
CRESC,04-08-008-08W2,,3/5/2017,103,0.605,,4,814.4,-0.583333333,-10.0586,-2.4,-0.5,-1.8,1.1,-0.7,0.8,1,Crude,132627.41
CRESC,13-30-007-10W2,,3/5/2017,92.1,0.654,17,4,820.8,-0.583333333,-10.0586,-2.4,-0.5,-1.8,1.1,-0.7,0.8,1,Crude,10867.9
CRESC,11-15-007-09W2,,3/5/2017,91,0.691,6.5,4,817.3,-0.583333333,-10.0586,-2.4,-0.5,-1.8,1.1,-0.7,0.8,1,Crude,6514.04
CRESC,14-13-001-05W2,,3/9/2017,88.5,0.554,3.1,-25,821.4,-19.88333333,-9.4524,-23.7,-18.9,-18,-18.2,-21.2,-19.3,1,Crude,20568.14
CRESC,13-30-007-10W2,,3/9/2017,90.1,0.597,8.3,-25,815.9,-19.88333333,-9.4524,-23.7,-18.9,-18,-18.2,-21.2,-19.3,1,Crude,10867.9
CRESC,11-15-007-09W2,,3/9/2017,97.8,0.746,2.5,-25,818.9,-19.88333333,-9.4524,-23.7,-18.9,-18,-18.2,-21.2,-19.3,1,Crude,6514.04
SECUR ,08-28-005-33W1, REV,3/9/2017,79.6,1.259,4.3,-25,845.1,-19.88333333,-9.4524,-23.7,-18.9,-18,-18.2,-21.2,-19.3,1,Crude,106074.85
SECUR ,08-28-005-33W1, SALES,3/9/2017,104.1,1.1,1.5,-25,829.8,-19.88333333,-9.4524,-23.7,-18.9,-18,-18.2,-21.2,-19.3,1,Crude,106074.85
CRESC,14-27-001-13W2,,3/10/2017,83.7,0.275,15.1,-25,809.8,-21.8,-11.3238,-23.9,-20.5,-22,-19.6,-23.3,-21.5,1,Crude,21566.57
CRESC,09-13-007-11W2,,3/10/2017,96.8,0.544,12.4,-25,812.6,-21.8,-11.3238,-23.9,-20.5,-22,-19.6,-23.3,-21.5,1,Crude,23623.54
CRESC,02-16-010-02W2,,3/10/2017,83.9,1.819,-8,-25,856.4,-21.8,-11.3238,-23.9,-20.5,-22,-19.6,-23.3,-21.5,1,Crude,335.488
CRESC,04-08-008-08W2,,3/11/2017,107.3,0.591,2,-17,817.5,-18.36666667,-13.7524,-19.9,-18.1,-18.5,-17.6,-18.1,-18,1,Crude,132627.41
SECUR ,08-28-005-33W1, REV,3/11/2017,89.5,1.031,4.5,-17,843.9,-18.36666667,-13.7524,-19.9,-18.1,-18.5,-17.6,-18.1,-18,1,Crude,106074.85
SECUR ,08-28-005-33W1, SALES,3/11/2017,101.3,1.059,2.6,-17,833.9,-18.36666667,-13.7524,-19.9,-18.1,-18.5,-17.6,-18.1,-18,1,Crude,106074.85
CRESC,13-29-008-07W2,,3/12/2017,98.4,0.183,23,-14,801.2,-17.68333333,-16.1952,-20.1,-17.3,-17,-16.8,-18.9,-16,1,Crude,1638.67
CRESC,01-21-001-14W2,,3/12/2017,86.1,0.189,19,-14,807.5,-17.68333333,-16.1952,-20.1,-17.3,-17,-16.8,-18.9,-16,1,Crude,19019.34
CRESC,04-08-008-08W2,,3/12/2017,106.2,0.566,2.4,-14,818.3,-17.68333333,-16.1952,-20.1,-17.3,-17,-16.8,-18.9,-16,1,Crude,132627.41
CRESC,05-14-003-01W2,,3/12/2017,96.5,0.888,5.1,-14,821.9,-17.68333333,-16.1952,-20.1,-17.3,-17,-16.8,-18.9,-16,1,Crude,2628.26
CRESC,13-13-007-02W2,,3/12/2017,81.9,1.265,25,-14,845.1,-17.68333333,-16.1952,-20.1,-17.3,-17,-16.8,-18.9,-16,1,Crude,4661.34
CRESC,02-13-006-06W2,,3/12/2017,95.8,1.518,12,-14,848.2,-17.68333333,-16.1952,-20.1,-17.3,-17,-16.8,-18.9,-16,1,Crude,1407.96
CRESC,07-07-006-15W2,,3/12/2017,77.7,2.873,12,-14,871.9,-17.68333333,-16.1952,-20.1,-17.3,-17,-16.8,-18.9,-16,1,Crude,6292.73
CRESC,13-29-008-07W2,,3/13/2017,85.3,0.168,29.7,-18,802.6,-18.88,-17.709,-23.4,-16.7,0,-16.5,-20,-17.8,1,Crude,1638.67
CRESC,01-21-001-14W2,,3/13/2017,88.8,0.217,15.4,-18,805.85,-18.88,-17.709,-23.4,-16.7,0,-16.5,-20,-17.8,1,Crude,19019.34
CRESC,04-08-008-08W2,,3/13/2017,106.4,0.485,3.4,-18,815.3,-18.88,-17.709,-23.4,-16.7,0,-16.5,-20,-17.8,1,Crude,132627.41
CRESC,09-13-007-11W2,,3/13/2017,94.7,0.499,9.2,-18,812.3,-18.88,-17.709,-23.4,-16.7,0,-16.5,-20,-17.8,1,Crude,23623.54
CRESC,14-13-001-05W2,,3/13/2017,87.3,0.519,2.8,-18,818.7,-18.88,-17.709,-23.4,-16.7,0,-16.5,-20,-17.8,1,Crude,20568.14
CRESC,14-27-001-13W2,,3/13/2017,104.93,0.576,13.4,-18,819.8,-18.88,-17.709,-23.4,-16.7,0,-16.5,-20,-17.8,1,Crude,21566.57
CRESC,13-30-007-10W2,,3/13/2017,86.9,0.596,-2,-18,817,-18.88,-17.709,-23.4,-16.7,0,-16.5,-20,-17.8,1,Crude,10867.9
CRESC,11-15-007-09W2,,3/13/2017,96.6,0.6285,0.7,-18,815,-18.88,-17.709,-23.4,-16.7,0,-16.5,-20,-17.8,1,Crude,6514.04
SECUR ,08-28-005-33W1, REV,3/13/2017,80.3,1.181,3.5,-18,839,-18.88,-17.709,-23.4,-16.7,0,-16.5,-20,-17.8,1,Crude,106074.85
SECUR ,08-28-005-33W1, SALES,3/13/2017,90.6,1.126,3.5,-18,839.7,-18.88,-17.709,-23.4,-16.7,0,-16.5,-20,-17.8,1,Crude,106074.85
CRESC,05-14-003-01W2,,3/14/2017,90.19,0.885,10.8,-8,823.5,-9.916666667,-17.2876,-11.8,-9,-11.3,-7.5,-9.6,-10.3,1,Crude,2628.26
CRESC,13-13-007-02W2,,3/14/2017,79.5,1.243,30.3,-8,842.9,-9.916666667,-17.2876,-11.8,-9,-11.3,-7.5,-9.6,-10.3,1,Crude,4661.34
CRESC,02-13-006-06W2,,3/14/2017,90.05,1.382,13.4,-8,845.1,-9.916666667,-17.2876,-11.8,-9,-11.3,-7.5,-9.6,-10.3,1,Crude,1407.96
CRESC,07-07-006-15W2,,3/14/2017,69.6,2.607,17.1,-8,873,-9.916666667,-17.2876,-11.8,-9,-11.3,-7.5,-9.6,-10.3,1,Crude,6292.73
CRESC,04-08-008-08W2,,3/15/2017,99.33,0.446,1.8,-1,818.05,-4.15,-15.8114,-8.5,-2.6,-5.3,-1.7,-4.3,-2.5,1,Crude,132627.41
CRESC,14-27-001-13W2,,3/15/2017,90.35,0.73,25.7,-1,827,-4.15,-15.8114,-8.5,-2.6,-5.3,-1.7,-4.3,-2.5,1,Crude,21566.57
RDGBK,09-26-007-09W2,,3/15/2017,97.51,1.338,7.3,-1,842.6,-4.15,-15.8114,-8.5,-2.6,-5.3,-1.7,-4.3,-2.5,1,Crude,1068.25
SECUR ,08-28-005-33W1, REV,3/16/2017,70.91,1.077,8,1,845.9,0.783333333,-12.859,-3.2,2.9,-0.8,4,-0.5,2.3,1,Crude,106074.85
SECUR ,08-28-005-33W1, SALES,3/16/2017,85.29,1.11,7.1,1,840.9,0.783333333,-12.859,-3.2,2.9,-0.8,4,-0.5,2.3,1,Crude,106074.85
CRESC,15-26-007-04W2,,3/17/2017,62.4,1.405,6.7,-1,849.9,-2.2,-10.059,-5.6,-1.3,-0.8,0.2,-3.4,-2.3,1,Crude,290.432
CRESC,15-21-008-03W2,,3/17/2017,74.1,1.551,5.5,-1,850.3,-2.2,-10.059,-5.6,-1.3,-0.8,0.2,-3.4,-2.3,1,Crude,167.658
CRESC,04-08-008-08W2,,3/20/2017,93,0.341,6.9,-1,810.3,-3.533333333,-2.7071,-8.8,-2.4,-2,-2.1,-3.9,-2,1,Crude,132627.41
CRESC,09-13-007-11W2,,3/20/2017,89.6,0.4116,17.5,-1,812.4,-3.533333333,-2.7071,-8.8,-2.4,-2,-2.1,-3.9,-2,1,Crude,23623.54
CRESC,13-30-007-10W2,,3/20/2017,87.1,0.564,13,-1,817.6,-3.533333333,-2.7071,-8.8,-2.4,-2,-2.1,-3.9,-2,1,Crude,10867.9
CRESC,11-15-007-09W2,,3/20/2017,93.5,0.634,5.6,-1,815.5,-3.533333333,-2.7071,-8.8,-2.4,-2,-2.1,-3.9,-2,1,Crude,6514.04
CRESC,13-13-007-02W2,,3/20/2017,73,1.323,32.2,-1,846.2,-3.533333333,-2.7071,-8.8,-2.4,-2,-2.1,-3.9,-2,1,Crude,4661.34
SECUR ,08-28-005-33W1, REV,3/20/2017,76.8,1.122,3.5,-1,844.5,-3.533333333,-2.7071,-8.8,-2.4,-2,-2.1,-3.9,-2,1,Crude,106074.85
SECUR ,08-28-005-33W1, SALES,3/20/2017,93.9,0.997,6.4,-1,830.6,-3.533333333,-2.7071,-8.8,-2.4,-2,-2.1,-3.9,-2,1,Crude,106074.85
CRESC,14-13-001-05W2,,3/21/2017,77.7,0.567,4,-11,823.6,-10.43333333,-2.781,-13,-8.2,-11.8,-6.8,-12.8,-10,1,Crude,20568.14
CRESC,05-14-003-01W2,,3/21/2017,88.2,0.904,13,-11,824.9,-10.43333333,-2.781,-13,-8.2,-11.8,-6.8,-12.8,-10,1,Crude,2628.26
CRESC,01-21-001-14W2,,3/22/2017,82.4,0.183,11,2,802.8,-4.76,-2.8681,-9.3,-2.6,0,-1.2,-6.2,-4.5,1,Crude,19019.34
CRESC,14-27-001-13W2,,3/22/2017,78.3,0.599,26,2,823,-4.76,-2.8681,-9.3,-2.6,0,-1.2,-6.2,-4.5,1,Crude,21566.57
CRESC,07-07-006-15W2,,3/22/2017,78.1,2.903,2,2,870.9,-4.76,-2.8681,-9.3,-2.6,0,-1.2,-6.2,-4.5,1,Crude,6292.73
CRESC,04-05-007-33W1,,3/24/2017,83.6,1.234,22,4,841.2,-1.2,-2.8114,-4.2,0.3,0,1.1,-2.7,-0.5,1,Crude,2666.25
CRESC,02-16-010-02W2,,3/24/2017,91,1.8,3.4,4,851.8,-1.2,-2.8114,-4.2,0.3,0,1.1,-2.7,-0.5,1,Crude,335.488
CRESC,13-07-010-09W2,,3/26/2017,78.5,0.198,4.5,9,813.3,4.016666667,-1.6567,0.3,5.8,3.3,5.3,2.6,6.8,1,Crude,2573.55
CRESC,09-06-010-07W2,,3/26/2017,53.2,3.455,30.6,9,881.1,4.016666667,-1.6567,0.3,5.8,3.3,5.3,2.6,6.8,1,Crude,2101.77
CRESC,16-35-009-09W2,,3/26/2017,58.5,4.019,27,9,879.1,4.016666667,-1.6567,0.3,5.8,3.3,5.3,2.6,6.8,1,Crude,598.462
CRESC,13-29-008-07W2,,3/27/2017,89.6,0.165,28.2,-12,801.9,0.666666667,-1.0567,-4.1,3,1.3,3.3,-0.3,0.8,1,Crude,1638.67
CRESC,13-29-008-07W2,,3/27/2017,85.7,0.196,29.2,4,803.8,0.666666667,-1.0567,-4.1,3,1.3,3.3,-0.3,0.8,1,Crude,1638.67
CRESC,09-14-009-08W2,,3/27/2017,94.5,0.227,25.8,-12,805.9,0.666666667,-1.0567,-4.1,3,1.3,3.3,-0.3,0.8,1,Crude,214.578
CRESC,04-08-008-08W2,,3/27/2017,93.1,0.324,8.1,4,810.8,0.666666667,-1.0567,-4.1,3,1.3,3.3,-0.3,0.8,1,Crude,132627.41
CRESC,09-13-007-11W2,,3/27/2017,92.4,0.534,19.4,4,814.8,0.666666667,-1.0567,-4.1,3,1.3,3.3,-0.3,0.8,1,Crude,23623.54
CRESC,13-30-007-10W2,,3/27/2017,87.1,0.569,18.2,4,816.2,0.666666667,-1.0567,-4.1,3,1.3,3.3,-0.3,0.8,1,Crude,10867.9
CRESC,11-15-007-09W2,,3/27/2017,89.6,0.98,5.8,4,827.4,0.666666667,-1.0567,-4.1,3,1.3,3.3,-0.3,0.8,1,Crude,6514.04
CRESC,13-13-007-02W2,,3/27/2017,70.7,1.303,34.3,4,845.5,0.666666667,-1.0567,-4.1,3,1.3,3.3,-0.3,0.8,1,Crude,4661.34
SECUR ,08-28-005-33W1, REV,3/27/2017,79.6,0.989,4.3,4,845.8,0.666666667,-1.0567,-4.1,3,1.3,3.3,-0.3,0.8,1,Crude,106074.85
SECUR ,08-28-005-33W1, SALES,3/27/2017,96.8,1.182,9.7,4,833.4,0.666666667,-1.0567,-4.1,3,1.3,3.3,-0.3,0.8,1,Crude,106074.85
CRESC,14-13-001-05W2,,3/28/2017,80.1,0.575,3.9,12,823.2,1.22,0.6081,-0.1,2.1,0,1.8,1,1.3,1,Crude,20568.14
CRESC,05-14-003-01W2,,3/28/2017,79.9,0.807,19.1,12,824.8,1.22,0.6081,-0.1,2.1,0,1.8,1,1.3,1,Crude,2628.26
TORCO,11-25-005-06W2,,3/28/2017,67.6,1.115,27.8,12,843.7,1.22,0.6081,-0.1,2.1,0,1.8,1,1.3,1,Crude,1152.33
CRESC,01-21-001-14W2,,3/29/2017,91.5,0.22,14.2,16,843.7,5.466666667,2.069,-1.1,7.9,5.5,8.8,4.7,7,1,Crude,19019.34
CRESC,14-27-001-13W2,,3/29/2017,74.6,0.482,27.9,16,819.9,5.466666667,2.069,-1.1,7.9,5.5,8.8,4.7,7,1,Crude,21566.57
VENTU,16-36-004-06W2,,3/29/2017,60.1,1.048,29.1,16,843.9,5.466666667,2.069,-1.1,7.9,5.5,8.8,4.7,7,1,Crude,135.165
CRESC,07-07-006-15W2,,3/29/2017,73.3,2.519,19,16,866.2,5.466666667,2.069,-1.1,7.9,5.5,8.8,4.7,7,1,Crude,6292.73
ENERM,05-31-003-16W2,,3/29/2017,67.6,2.777,35.4,16,887.3,5.466666667,2.069,-1.1,7.9,5.5,8.8,4.7,7,1,Crude,5368.51
CRESC,06-01-007-01W2,,3/30/2017,75.7,1.059,26.2,14,843.4,7.333333333,3.091,3.4,10.2,5,10.2,5.9,9.3,1,Crude,2331.41
CRESC,08-33-005-03W2,,3/30/2017,75.5,1.067,21.1,14,841.1,7.333333333,3.091,3.4,10.2,5,10.2,5.9,9.3,1,Crude,1421.02
CRESC,04-33-006-01W2,,3/30/2017,59,1.157,18.5,14,846.6,7.333333333,3.091,3.4,10.2,5,10.2,5.9,9.3,1,Crude,940.253
CRESC,09-13-007-11W2,,4/3/2017,87.1,0.345,19.7,8,810.8,3.74,4.5395,-1.5,4.9,0,4.8,5.5,5,1,Crude,21198.93
CRESC,04-08-008-08W2,,4/3/2017,91.5,0.373,9.1,8,813.3,3.74,4.5395,-1.5,4.9,0,4.8,5.5,5,1,Crude,140792.68
CRESC,13-30-007-10W2,,4/3/2017,83.8,0.533,20.2,8,818.3,3.74,4.5395,-1.5,4.9,0,4.8,5.5,5,1,Crude,13068.54
CRESC,11-15-007-09W2,,4/3/2017,92,0.731,7.4,8,819.9,3.74,4.5395,-1.5,4.9,0,4.8,5.5,5,1,Crude,6439.65
CRESC,13-13-007-02W2,,4/3/2017,67.1,1.25,35.3,8,844.5,3.74,4.5395,-1.5,4.9,0,4.8,5.5,5,1,Crude,4080.25
SECUR ,08-28-005-33W1, REV,4/3/2017,75,1.092,9.7,8,842.8,3.74,4.5395,-1.5,4.9,0,4.8,5.5,5,1,Crude,111869.04
SECUR ,08-28-005-33W1, SALES,4/3/2017,89.5,1.208,13.2,8,838.1,3.74,4.5395,-1.5,4.9,0,4.8,5.5,5,1,Crude,111869.04
CRESC,14-13-001-05W2,,4/4/2017,80.6,0.521,6.5,6,820.9,4.033333333,4.9414,-1.6,4.1,6.5,4.4,6,4.8,1,Crude,19345.2
CRESC,05-14-003-01W2,,4/4/2017,66.2,0.717,28.4,6,829.4,4.033333333,4.9414,-1.6,4.1,6.5,4.4,6,4.8,1,Crude,3029.38
CRESC,14-27-001-13W2,,4/5/2017,74.4,0.465,19.4,9,819.9,2.25,4.4819,-2.9,3.4,3.5,3,3.7,2.8,1,Crude,23117.69
CRESC,07-07-006-15W2,,4/5/2017,69.1,2.543,19.5,9,870.8,2.25,4.4819,-2.9,3.4,3.5,3,3.7,2.8,1,Crude,6716.37
CRESC,16-24-004-01W2,,4/6/2017,78.9,0.581,13.7,12,824.5,4.76,4.1143,-1.6,7.6,0,7.7,5.3,4.8,1,Crude,112.955
CRESC,02-08-004-33W1,,4/6/2017,65.6,0.642,26.2,12,829.6,4.76,4.1143,-1.6,7.6,0,7.7,5.3,4.8,1,Crude,420.668
CRESC,08-36-003-34W1,,4/6/2017,63.1,1.136,24.9,12,847.5,4.76,4.1143,-1.6,7.6,0,7.7,5.3,4.8,1,Crude,3547.72
CRESC,07-25-009-08W2,,4/6/2017,53.2,3.69,26.1,9,881.1,4.76,4.1143,-1.6,7.6,0,7.7,5.3,4.8,1,Crude,317.094
CRESC,08-22-004-09W2,,4/9/2017,47.9,2.05,32.5,8,885.2,-0.28,5.2029,-2.1,0.6,0,-1,1.9,-0.8,1,Crude,797.853
CRESC,13-15-005-08W2,,4/9/2017,40.3,2.114,31.3,8,882.3,-0.28,5.2029,-2.1,0.6,0,-1,1.9,-0.8,1,Crude,543.571
CRESC,01-17-005-08W2,,4/9/2017,49.1,2.264,31.4,8,887.7,-0.28,5.2029,-2.1,0.6,0,-1,1.9,-0.8,1,Crude,1712.01
CRESC,01-04-007-09W2,,4/10/2017,67.5,0.304,13.4,6,816.2,-1.333333333,4.4781,-5.4,0.3,-0.3,-0.7,-0.6,-1.3,1,Crude,498.884
CRESC,04-08-008-08W2,,4/10/2017,90.6,0.415,8.2,6,812.7,-1.333333333,4.4781,-5.4,0.3,-0.3,-0.7,-0.6,-1.3,1,Crude,140792.68
CRESC,09-13-007-11W2,,4/10/2017,91.2,0.516,21.1,6,814.9,-1.333333333,4.4781,-5.4,0.3,-0.3,-0.7,-0.6,-1.3,1,Crude,21198.93
CRESC,11-15-007-09W2,,4/10/2017,89.9,0.791,7.1,6,819.7,-1.333333333,4.4781,-5.4,0.3,-0.3,-0.7,-0.6,-1.3,1,Crude,6439.65
CRESC,13-13-007-02W2,,4/10/2017,68.2,1.278,34.2,6,845.7,-1.333333333,4.4781,-5.4,0.3,-0.3,-0.7,-0.6,-1.3,1,Crude,4080.25
SECUR ,08-28-005-33W1, REV,4/10/2017,69.2,1.332,11.4,6,852.2,-1.333333333,4.4781,-5.4,0.3,-0.3,-0.7,-0.6,-1.3,1,Crude,111869.04
SECUR ,08-28-005-33W1, SALES,4/10/2017,93,1.042,10.7,6,832.5,-1.333333333,4.4781,-5.4,0.3,-0.3,-0.7,-0.6,-1.3,1,Crude,111869.04
CRESC,14-13-001-05W2,,4/11/2017,83.9,0.557,6.4,8,822.4,3.933333333,4.4638,-2,5.5,4.5,5.5,5.1,5,1,Crude,19345.2
CRESC,05-14-003-01W2,,4/11/2017,69,0.925,22.5,8,835.4,3.933333333,4.4638,-2,5.5,4.5,5.5,5.1,5,1,Crude,3029.38
CRESC,05-20-004-04W2,,4/11/2017,92.3,1.439,11.6,8,804.5,3.933333333,4.4638,-2,5.5,4.5,5.5,5.1,5,1,Crude,4145.75
CRESC,01-21-001-14W2,,4/12/2017,80.9,0.171,9.3,15,808.2,4.633333333,4.8043,-2.1,5.4,6,5.7,6.8,6,1,Crude,19811.16
CRESC,14-27-001-13W2,,4/12/2017,75,0.545,20.1,15,824.1,4.633333333,4.8043,-2.1,5.4,6,5.7,6.8,6,1,Crude,23117.69
CRESC,07-07-006-15W2,,4/12/2017,73.3,2.661,18.2,15,868.2,4.633333333,4.8043,-2.1,5.4,6,5.7,6.8,6,1,Crude,6716.37
CRESC,12-12-005-34W1,,4/14/2017,85.7,0.634,13.5,12,822.3,10.78333333,5.2486,6,9,14.3,7.6,15,12.8,1,Crude,158.818
CRESC,13-30-007-10W2,,4/14/2017,82,0.766,19.5,12,824.1,10.78333333,5.2486,6,9,14.3,7.6,15,12.8,1,Crude,13068.54
CRESC,11-16-005-04W2,,4/14/2017,61.2,1.352,29.9,12,850.6,10.78333333,5.2486,6,9,14.3,7.6,15,12.8,1,Crude,3019.73
CRESC,08-14-004-07W2,,4/14/2017,53.4,1.522,34.6,12,866.4,10.78333333,5.2486,6,9,14.3,7.6,15,12.8,1,Crude,909.478
SECUR ,08-28-005-33W1, REV,4/18/2017,74.7,1.218,8.9,7,842.6,4.8,4.1719,2.4,5.8,4.3,5.5,5,5.8,1,Crude,111869.04
SECUR ,08-28-005-33W1, SALES,4/18/2017,99.6,0.958,11.8,7,823.4,4.8,4.1719,2.4,5.8,4.3,5.5,5,5.8,1,Crude,111869.04
CRESC,01-21-001-14W2,,4/19/2017,85.3,0.358,15.3,8,808.8,5.666666667,4.3195,0.2,8.2,6,7.2,5.4,7,1,Crude,19811.16
CRESC,04-08-008-08W2,,4/19/2017,89.9,0.387,10,8,814.1,5.666666667,4.3195,0.2,8.2,6,7.2,5.4,7,1,Crude,140792.68
CRESC,09-13-007-11W2,,4/19/2017,88.7,0.495,19.2,8,814.5,5.666666667,4.3195,0.2,8.2,6,7.2,5.4,7,1,Crude,21198.93
CRESC,11-15-007-09W2,,4/19/2017,92.1,0.597,10.2,8,813.4,5.666666667,4.3195,0.2,8.2,6,7.2,5.4,7,1,Crude,6439.65
CRESC,13-30-007-10W2,,4/19/2017,85,0.744,19.9,8,824,5.666666667,4.3195,0.2,8.2,6,7.2,5.4,7,1,Crude,13068.54
CRESC,13-13-007-02W2,,4/19/2017,67.3,1.192,34,8,843.5,5.666666667,4.3195,0.2,8.2,6,7.2,5.4,7,1,Crude,4080.25
SPAEN,11-12-006-15W2,,4/19/2017,73.1,2.356,33.7,8,871.5,5.666666667,4.3195,0.2,8.2,6,7.2,5.4,7,1,Crude,7160.77
CRESC,07-07-006-15W2,,4/19/2017,68.6,2.507,20.2,8,869,5.666666667,4.3195,0.2,8.2,6,7.2,5.4,7,1,Crude,6716.37
ENERM,04-24-005-15W2,,4/19/2017,62,2.768,25.9,8,893.9,5.666666667,4.3195,0.2,8.2,6,7.2,5.4,7,1,Crude,1179.2
CRESC,14-13-001-05W2,,4/20/2017,82,0.525,7.3,16,822.4,8.216666667,4.2333,5.2,9.1,9.3,8.8,8.1,8.8,1,Crude,19345.2
CRESC,05-14-003-01W2,,4/20/2017,89.4,0.854,19.5,16,813.5,8.216666667,4.2333,5.2,9.1,9.3,8.8,8.1,8.8,1,Crude,3029.38
CRESC,05-20-004-04W2,,4/20/2017,69.1,1.817,7.9,16,844.7,8.216666667,4.2333,5.2,9.1,9.3,8.8,8.1,8.8,1,Crude,4145.75
CRESC,07-24-006-15W2,,4/21/2017,78.6,2.177,29.5,15,869.9,7.74,3.7986,2,9,0,9.1,9.1,9.5,1,Crude,1635.16
CRESC,09-34-005-15W2,,4/21/2017,70.8,2.223,33.8,15,876.9,7.74,3.7986,2,9,0,9.1,9.1,9.5,1,Crude,1109.46
CRESC,12-30-006-15W2,,4/21/2017,67.4,2.845,34.4,15,886.2,7.74,3.7986,2,9,0,9.1,9.1,9.5,1,Crude,4754.59
CRESC,09-13-007-11W2,,4/24/2017,87.9,0.546,16,-1,815.7,-1.866666667,4.211,-3,-1.5,-2.3,-1.3,-0.8,-2.3,1,Crude,21198.93
CRESC,04-08-008-08W2,,4/24/2017,90.6,0.622,8,-1,821.6,-1.866666667,4.211,-3,-1.5,-2.3,-1.3,-0.8,-2.3,1,Crude,140792.68
CRESC,11-15-007-09W2,,4/24/2017,93.2,0.734,5.6,-1,820.5,-1.866666667,4.211,-3,-1.5,-2.3,-1.3,-0.8,-2.3,1,Crude,6439.65
CRESC,13-30-007-10W2,,4/24/2017,89.5,0.752,17,-1,823.4,-1.866666667,4.211,-3,-1.5,-2.3,-1.3,-0.8,-2.3,1,Crude,13068.54
LANSING,WATFORD CITY,317181,2/18/2017,106.7,0,5,3,657.8,-1.216666667,-1.6714,-5.9,-1.6,-1,-0.6,-0.2,2,0,C5+,37.74
TESORO,ROBINSON LAKE     ,317190,2/18/2017,107.8,0,7,3,662.7,-1.216666667,-1.6714,-5.9,-1.6,-1,-0.6,-0.2,2,0,C5+,34.96
CENTENNIAL ,HIGHLAND BAKKEN ,317176,2/18/2017,107.7,0,11,3,656,-1.216666667,-1.6714,-5.9,-1.6,-1,-0.6,-0.2,2,0,C5+,38.23
CENTENNIAL ,HIGHLAND BAKKEN ,317332,2/19/2017,108.7,0,8,2,658,-0.35,-0.85,-1,-0.1,-0.8,-0.4,0.2,0,0,C5+,37.91
NGL ,TIOGA,317326,2/19/2017,93,0,7,3,663.5,-0.35,-0.85,-1,-0.1,-0.8,-0.4,0.2,0,0,C5+,33.69
LANSING,WATFORD CITY,317900,2/23/2017,110.5,0,1,-8,657.13,-4.55,-0.4167,-6.3,-3.5,-4.5,-3.4,-3.6,-6,0,C5+,40.97
NGL ,BELFIELD,317887,2/23/2017,94.6,0,1,-8,672.3,-4.55,-0.4167,-6.3,-3.5,-4.5,-3.4,-3.6,-6,0,C5+,33.84
CENTENNIAL ,HIGHLAND BAKKEN ,317891,2/23/2017,109.2,0,5.6,-8,656.7,-4.55,-0.4167,-6.3,-3.5,-4.5,-3.4,-3.6,-6,0,C5+,38.31
NGL ,TIOGA,318117,2/25/2017,94.8,0,-1.8,-13,666.84,-12.98333333,-3.6429,-19.2,-11.9,-10,-11.3,-13.5,-12,0,C5+,33.7
NGL ,ROBINSON LAKE     ,318309,2/26/2017,104.1,0,-2.3,-15,667,-13.01666667,-5.4524,-19.2,-10.4,-12.3,-9.4,-14.5,-12.3,0,C5+,35.06
LANSING,WATFORD CITY,319320,3/5/2017,107.2,0,6.9,4,657.4,-0.583333333,-10.0586,-2.4,-0.5,-1.8,1.1,-0.7,0.8,0,C5+,38.52
CENTENNIAL ,HIGHLAND BAKKEN ,319340,3/5/2017,106.3,0,13.9,4,654.3,-0.583333333,-10.0586,-2.4,-0.5,-1.8,1.1,-0.7,0.8,0,C5+,38.26
NGL ,TIOGA,319308,3/5/2017,94.3,0,12.7,4,659.1,-0.583333333,-10.0586,-2.4,-0.5,-1.8,1.1,-0.7,0.8,0,C5+,33.22
LANSING,WATFORD CITY,320008,3/11/2017,104.1,0,,-17,660.9,-18.36666667,-13.7524,-19.9,-18.1,-18.5,-17.6,-18.1,-18,0,C5+,36.34
CENTENNIAL ,HIGHLAND BAKKEN ,320034,3/11/2017,119.5,0,6.65,-17,661.94,-18.36666667,-13.7524,-19.9,-18.1,-18.5,-17.6,-18.1,-18,0,C5+,37.26
NGL ,TIOGA,320005,3/11/2017,96.5,0,6.2,-17,666.59,-18.36666667,-13.7524,-19.9,-18.1,-18.5,-17.6,-18.1,-18,0,C5+,32.91
TESORO,BELFIELD,320013,3/11/2017,96.7,0,12.17,-17,673.33,-18.36666667,-13.7524,-19.9,-18.1,-18.5,-17.6,-18.1,-18,0,C5+,42.58
LANSING,WATFORD CITY,321043,3/18/2017,105.9,0,3.7,-4,666,-2.016666667,-7.7233,-6.5,-0.3,-2.8,2.2,-4.7,0,0,C5+,35.5
CENTENNIAL ,HIGHLAND BAKKEN ,321006,3/18/2017,109.3,0,7,-4,657.01,-2.016666667,-7.7233,-6.5,-0.3,-2.8,2.2,-4.7,0,0,C5+,37.87
NGL ,TIOGA,321041,3/18/2017,93.73,0,9.1,-4,662.3,-2.016666667,-7.7233,-6.5,-0.3,-2.8,2.2,-4.7,0,0,C5+,33.43
TESORO,ROBINSON LAKE     ,321128,3/19/2017,99.25,0,5.9,4,665.2,2.083333333,-4.8995,-2.8,4.1,2,3.7,1.7,3.8,0,C5+,36.29
TESORO,BELFIELD,321137,3/19/2017,92.8,0,4.8,4,658,2.083333333,-4.8995,-2.8,4.1,2,3.7,1.7,3.8,0,C5+,36.14
LANSING,WATFORD CITY,321941,3/24/2017,108.9,0,4,3,653.7,-1.2,-2.8114,-4.2,0.3,0,1.1,-2.7,-0.5,0,C5+,41.3
CENTENNIAL ,HIGHLAND BAKKEN ,321948,3/24/2017,110.5,0,6,3,655.9,-1.2,-2.8114,-4.2,0.3,0,1.1,-2.7,-0.5,0,C5+,38.21
NGL ,TIOGA,321940,3/24/2017,94.2,0,7,3,663.6,-1.2,-2.8114,-4.2,0.3,0,1.1,-2.7,-0.5,0,C5+,33.24
TESORO,BELFIELD,322028,3/25/2017,94.7,0,5,2,655.7,4.133333333,-1.9329,0,7.7,3,8.1,0.7,5.3,0,C5+,35.79
LANSING,WATFORD CITY,322428,3/27/2017,106,0,10,4,657.5,0.666666667,-1.0567,-4.1,3,1.3,3.3,-0.3,0.8,0,C5+,33.55
NGL ,TIOGA,322423,3/27/2017,95,0,13.4,4,660.8,0.666666667,-1.0567,-4.1,3,1.3,3.3,-0.3,0.8,0,C5+,32.63
CENTENNIAL ,LITTLE KNIFE,322565,3/27/2017,103.8,0,,4,646.4,0.666666667,-1.0567,-4.1,3,1.3,3.3,-0.3,0.8,0,C5+,38.29
CENTENNIAL ,HIGHLAND BAKKEN ,322561,3/28/2017,106.2,0,10.07,12,659.05,1.22,0.6081,-0.1,2.1,0,1.8,1,1.3,0,C5+,38.24
TESORO,ROBINSON LAKE     ,322567,3/28/2017,98.2,0,3.05,12,664.31,1.22,0.6081,-0.1,2.1,0,1.8,1,1.3,0,C5+,36.16
CENTENNIAL ,PALERMO,323322,4/2/2017,106.1,0,10.5,14,650.5,6.633333333,4.1005,2,6.9,8.3,6.9,7.7,8,0,C5+,39.01
CENTENNIAL ,HIGHLAND BAKKEN ,323833,4/5/2017,107.8,0,13,12,653.6,2.25,4.4819,-2.9,3.4,3.5,3,3.7,2.8,0,C5+,37.66
LANSING,WATFORD CITY,324139,4/7/2017,104.5,0,16,12,661.2,11.73333333,5.469,4.9,14.7,11.3,15.2,11,13.3,0,C5+,32.75
TESORO,ROBINSON LAKE     ,324145,4/7/2017,100.7,0,17,12,659.5,11.73333333,5.469,4.9,14.7,11.3,15.2,11,13.3,0,C5+,34.62
NGL ,TIOGA,324135,4/7/2017,94,0,18,12,658.7,11.73333333,5.469,4.9,14.7,11.3,15.2,11,13.3,0,C5+,30.01
CENTENNIAL ,LITTLE KNIFE,324274,4/8/2017,108.4,0,20,16,665.9,10.18333333,6.1905,4.5,9.2,13,9.7,12.2,12.5,0,C5+,37.72
CENTENNIAL ,PALERMO,324437,4/9/2017,108.4,0,10,3,656.7,-0.28,5.2029,-2.1,0.6,0,-1,1.9,-0.8,0,C5+,38.01
CENTENNIAL ,PALERMO,324725,4/11/2017,110.5,0,5.9,5,658.8,3.933333333,4.4638,-2,5.5,4.5,5.5,5.1,5,0,C5+,38.19
CENTENNIAL ,HIGHLAND BAKKEN ,324829,4/12/2017,104.4,0,,15,641.5,4.633333333,4.8043,-2.1,5.4,6,5.7,6.8,6,0,C5+,37.39
NGL ,TIOGA,324933,4/12/2017,95.2,0,16.3,15,661.6,4.633333333,4.8043,-2.1,5.4,6,5.7,6.8,6,0,C5+,30.13
TESORO,ROBINSON LAKE     ,324930,4/12/2017,101.2,0,12.9,15,657,4.633333333,4.8043,-2.1,5.4,6,5.7,6.8,6,0,C5+,34.02
KINDER MORGAN ,WATFORD CITY,324923,4/12/2017,95.9,0,10.21,15,665.93,4.633333333,4.8043,-2.1,5.4,6,5.7,6.8,6,0,C5+,29.12
CENTENNIAL ,PALERMO,325467,4/15/2017,107.8,0,13,6,630.2,5.533333333,4.5843,1.2,4.8,6,6.4,8.5,6.3,0,C5+,38.96
NGL ,REDWING,325363,4/15/2017,110.25,0,11.1,6,658.8,5.533333333,4.5843,1.2,4.8,6,6.4,8.5,6.3,0,C5+,32.43
CENTENNIAL ,PALERMO,326122,4/19/2017,106.8,0,12,8,658.2,5.666666667,4.3195,0.2,8.2,6,7.2,5.4,7,0,C5+,40.29
TESORO ,ROBINSON LAKE     ,326523,4/22/2017,100.8,0,10,4,663.1,4.24,3.6138,1.2,5.4,0,6.1,4.2,4.3,0,C5+,41.67
LANSING ,WATFORD CITY,326589,4/22/2017,102.7,0,11,4,662.1,4.24,3.6138,1.2,5.4,0,6.1,4.2,4.3,0,C5+,33.21
NGL ,TIOGA,326748,4/23/2017,95.7,0,,5,673.8,0.68,4.1181,-1.7,1.4,0,1.3,0.9,1.5,0,C5+,33.86
TESORO ,ROBINSON LAKE     ,327185,4/26/2017,101.9,0,4.5,14,663.6,0.116666667,2.7943,-5.9,1.3,1.8,0.7,2,0.8,0,C5+,42.7
CENTENNIAL ,PALERMO,327211,4/26/2017,109.3,0,8.7,14,647.8,0.116666667,2.7943,-5.9,1.3,1.8,0.7,2,0.8,0,C5+,35.91
KINDER MORGAN ,WATFORD CITY,327178,4/26/2017,102.7,0,4.5,14,658.9,0.116666667,2.7943,-5.9,1.3,1.8,0.7,2,0.8,0,C5+,28.83
NGL ,TIOGA,327524,4/28/2017,95.4,0,18.02,15,657.7,3.766666667,1.2414,-2.4,5.4,4.8,5,4.8,5,0,C5+,29.92
NGL ,TIOGA,328346,5/3/2017,94.4,0,19.4,14,658.8,8.416666667,6.7838,2.8,9,10,9.4,10,9.3,0,C5+,30.48
TESORO,ROBINSON LAKE     ,328351,5/3/2017,103.1,0,16.4,14,658.9,8.416666667,6.7838,2.8,9,10,9.4,10,9.3,0,C5+,34.33
CENTENNIAL ,PALERMO,328342,5/3/2017,107.3,0,16,14,633.1,8.416666667,6.7838,2.8,9,10,9.4,10,9.3,0,C5+,37.96
KINDER MORGAN ,WATFORD CITY,328347,5/3/2017,103.1,0,15.2,14,657.1,8.416666667,6.7838,2.8,9,10,9.4,10,9.3,0,C5+,29.26
PETRO HUNT,LITTLE KNIFE,328777,5/6/2017,108.7,0,22,14,657.1,16.55,11.2643,9.4,19.8,16.8,20.7,15.8,16.8,0,C5+,36.45
NGL ,TIOGA,329767,5/13/2017,94.5,0,13,17,663.5,12.96666667,11.19,5.8,15.5,14,16.1,14.4,12,0,C5+,29.92
TESORO ,ROBINSON LAKE     ,329810,5/13/2017,106.4,0,13,17,661.3,12.96666667,11.19,5.8,15.5,14,16.1,14.4,12,0,C5+,34.03
CENTENNIAL ,PALERMO,329821,5/13/2017,107.1,0,18,17,632.8,12.96666667,11.19,5.8,15.5,14,16.1,14.4,12,0,C5+,44.04
KINDER MORGAN ,WATFORD CITY,329844,5/13/2017,101.7,0,22,17,652.9,12.96666667,11.19,5.8,15.5,14,16.1,14.4,12,0,C5+,29.34
CENTENNIAL ,LITTLE KNIFE,330388,5/17/2017,120.6,0,16,12,655.7,6.233333333,10.6095,2,6.4,8,5.9,7.3,7.8,0,C5+,35.11
TESORO,ROBINSON LAKE     ,330400,5/17/2017,100.9,0,9,12,662.3,6.233333333,10.6095,2,6.4,8,5.9,7.3,7.8,0,C5+,39.07
CENTENNIAL ,PALERMO,330387,5/17/2017,107.5,0,13,12,639.7,6.233333333,10.6095,2,6.4,8,5.9,7.3,7.8,0,C5+,36.55
KINDER MORGAN ,WATFORD CITY,330434,5/17/2017,103.9,0,13,12,657.7,6.233333333,10.6095,2,6.4,8,5.9,7.3,7.8,0,C5+,32.54
